맛있닭 다이어트 도시락 카무트밥 소프트안심 마늘맛,2021-10-01 00:00:00,푸드나무,210,1팩,X,302,622,50,10,0,18,푸드나무_맛있닭 다이어트 도시락 카무트밥 소프트안심 마늘맛.jpg
맛있닭 다이어트 도시락 마늘소시지볶음밥 소프트안심 오리지널,2021-10-01 00:00:00,푸드나무,210,1팩,X,279,847,40,12,0.7,19,푸드나무_맛있닭 다이어트 도시락 마늘소시지볶음밥 소프트안심 오리지널.jpg
맛있닭 다이어트 도시락 제주톳보리밥 소시지볼 훈제맛,2021-10-01 00:00:00,푸드나무,210,1팩,X,306,957,47,10,2.1,16,푸드나무_맛있닭 다이어트 도시락 제주톳보리밥 소시지볼 훈제맛.jpg
맛있닭 다이어트 도시락 중화볶음밥 굴림만두 고기,2021-10-01 00:00:00,푸드나무,210,1팩,X,300,791,41,8,1.2,14,푸드나무_맛있닭 다이어트 도시락 중화볶음밥 굴림만두 고기.jpg
맛있닭 다이어트 도시락 황금볶음밥 굴림만두 김치,2021-10-01 00:00:00,푸드나무,210,1팩,X,345,957,39,10,3.3,15,푸드나무_맛있닭 다이어트 도시락 황금볶음밥 굴림만두 김치.jpg
맛있닭 닭가슴살 한끼곤약볶음밥 해물,2021-10-01 00:00:00,푸드나무,220,1팩,X,295,370,45,3,0.6,23,푸드나무_맛있닭 닭가슴살 한끼곤약볶음밥 해물.jpg
맛있닭 닭가슴살 한끼곤약볶음밥 새우,2021-10-01 00:00:00,푸드나무,220,1팩,X,260,460,36,1,0,24,푸드나무_맛있닭 닭가슴살 한끼곤약볶음밥 새우.jpg
맛있닭 닭가슴살 한끼곤약볶음밥 카레,2021-10-01 00:00:00,푸드나무,220,1팩,X,325,470,49,2,0.6,23,푸드나무_맛있닭 닭가슴살 한끼곤약볶음밥 카레.jpg
맛있닭 닭가슴살 한끼곤약볶음밥 양송이,2021-10-01 00:00:00,푸드나무,220,1팩,X,340,535,53,2,0.7,20,푸드나무_맛있닭 닭가슴살 한끼곤약볶음밥 양송이.jpg
맛있닭 닭가슴살 한끼곤약볶음밥 불닭,2021-10-01 00:00:00,푸드나무,220,1팩,X,340,880,48,2,0.6,26,푸드나무_맛있닭 닭가슴살 한끼곤약볶음밥 불닭.jpg
맛있닭 더담은 도시락 닭가슴살 스팀 고추맛 곤드레나물밥,2021-10-01 00:00:00,푸드나무,275,1팩,X,355,430,48,2,3.8,30,푸드나무_맛있닭 더담은 도시락 닭가슴살 스팀 고추맛 곤드레나물밥.jpg
맛있닭 더담은 도시락 닭가슴살 큐브 마늘맛 연근우엉밥,2021-10-01 00:00:00,푸드나무,275,1팩,X,315,500,38,4,1.6,35,푸드나무_맛있닭 더담은 도시락 닭가슴살 큐브 마늘맛 연근우엉밥.jpg
맛있닭 더담은 도시락 닭가슴살 소시지 훈제맛 새우볶음밥,2021-10-01 00:00:00,푸드나무,275,1팩,X,380,570,50,4,2.2,29,푸드나무_맛있닭 더담은 도시락 닭가슴살 소시지 훈제맛 새우볶음밥.jpg
맛있닭 더담은 도시락 닭가슴살 스테이크 고추맛 야채현미밥,2021-10-01 00:00:00,푸드나무,275,1팩,X,370,280,54,3,1.2,27,푸드나무_맛있닭 더담은 도시락 닭가슴살 스테이크 고추맛 야채현미밥.jpg
맛있닭 더담은 도시락 닭가슴살 스테이크 갈릭맛 퀴노아영양밥,2021-10-01 00:00:00,푸드나무,275,1팩,X,400,420,55,7,1.3,31,푸드나무_맛있닭 더담은 도시락 닭가슴살 스테이크 갈릭맛 퀴노아영양밥.jpg
맛있닭 더담은 도시락 다섯가지나물밥 갈릭스테이크소스 닭가슴살,2021-10-01 00:00:00,푸드나무,275,1팩,X,340,890,46,8,0.8,23,푸드나무_맛있닭 더담은 도시락 다섯가지나물밥 갈릭스테이크소스 닭가슴살.jpg
맛있닭 더담은 도시락 부지깽이나무밥 닭가슴살 볼 치즈맛,2021-10-01 00:00:00,푸드나무,275,1팩,X,410,870,58,9,2.1,22,푸드나무_맛있닭 더담은 도시락 부지깽이나무밥 닭가슴살 볼 치즈맛.jpg
맛있닭 더담은 도시락 전주비빔밥 토마토 로제 닭가슴살,2021-10-01 00:00:00,푸드나무,275,1팩,X,360,950,47,10,1.1,24,푸드나무_맛있닭 더담은 도시락 전주비빔밥 토마토 로제 닭가슴살.jpg
맛있닭 더담은 도시락 한끼만두 3종 소프트 닭가슴살 마늘,2021-10-01 00:00:00,푸드나무,275,1팩,X,345,840,39,7,1.8,26,푸드나무_맛있닭 더담은 도시락 한끼만두 3종 소프트 닭가슴살 마늘.jpg
맛있닭 더담은 도시락 시래기표고밥 소프트 닭가슴살 마늘,2021-10-01 00:00:00,푸드나무,275,1팩,X,345,610,49,3,0.7,23,푸드나무_맛있닭 더담은 도시락 시래기표고밥 소프트 닭가슴살 마늘.jpg
맛있닭 닭가슴살 스테이크 오리지널,2021-10-01 00:00:00,푸드나무,100,1팩,X,140,294,8,1,0.6,22,푸드나무_맛있닭 닭가슴살 스테이크 오리지널.jpg
맛있닭 닭가슴살 스테이크 호박맛,2021-10-01 00:00:00,푸드나무,100,1팩,X,143,230,8,1,0.8,21,푸드나무_맛있닭 닭가슴살 스테이크 호박맛.jpg
맛있닭 닭가슴살 스테이크 고추맛,2021-10-01 00:00:00,푸드나무,100,1팩,X,152,259,9,2,0.9,22,푸드나무_맛있닭 닭가슴살 스테이크 고추맛.jpg
맛있닭 닭가슴살 스테이크 야채맛,2021-10-01 00:00:00,푸드나무,100,1팩,X,142,254,9,4,1,17,푸드나무_맛있닭 닭가슴살 스테이크 야채맛.jpg
맛있닭 닭가슴살 스테이크 갈릭맛,2021-10-01 00:00:00,푸드나무,100,1팩,X,140,252,8,2,0.7,23,푸드나무_맛있닭 닭가슴살 스테이크 갈릭맛.jpg
맛있닭 닭가슴살 한끼스테이크 토마토,2021-10-01 00:00:00,푸드나무,100,1팩,X,156,416,12,7,1,18,푸드나무_맛있닭 닭가슴살 한끼스테이크 토마토.jpg
맛있닭 닭가슴살 한끼스테이크 치즈,2021-10-01 00:00:00,푸드나무,100,1팩,X,173,442,9,4,3,19,푸드나무_맛있닭 닭가슴살 한끼스테이크 치즈.jpg
맛있닭 소프트 안심 오리지널,2021-10-01 00:00:00,푸드나무,100,1팩,X,110,380,5,5,0,20,푸드나무_맛있닭 소프트 안심 오리지널.jpg
맛있닭 소프트 안심 훈제맛,2021-10-01 00:00:00,푸드나무,100,1팩,X,115,330,4,4,0,21,푸드나무_맛있닭 소프트 안심 훈제맛.JPG
맛있닭 소프트 안심 고추맛,2021-10-01 00:00:00,푸드나무,100,1팩,X,110,360,5,4,0,20,푸드나무_맛있닭 소프트 안심 고추맛.JPG
맛있닭 소프트 안심 마늘맛,2021-10-01 00:00:00,푸드나무,100,1팩,X,110,390,5,4,0,19,푸드나무_맛있닭 소프트 안심 마늘맛.JPG
맛있닭 소프트 안심 카레맛,2021-10-01 00:00:00,푸드나무,100,1팩,X,110,380,7,5,0,19,푸드나무_맛있닭 소프트 안심 카레맛.JPG
맛있닭 소프트 닭가슴살 고추맛,2021-10-01 00:00:00,푸드나무,100,1팩,X,110,260,3,2,0.2,23,푸드나무_맛있닭 소프트 닭가슴살 고추맛.jpg
맛있닭 소프트 닭가슴살 마늘맛,2021-10-01 00:00:00,푸드나무,100,1팩,X,110,360,4,2,0.2,22,푸드나무_맛있닭 소프트 닭가슴살 마늘맛.jpg
맛있닭 소프트 닭가슴살 탄두리맛,2021-10-01 00:00:00,푸드나무,100,1팩,X,110,260,3,0,0.2,24,푸드나무_맛있닭 소프트 닭가슴살 탄두리맛.jpg
맛있닭 닭가슴살 한끼순대,2021-10-01 00:00:00,푸드나무,200,1팩,X,231.1,702.06,22.14,1.1,1.3,17.5,푸드나무_맛있닭 닭가슴살 한끼순대.jpg
맛있닭 프로틴 닭가슴살 훈제맛,2021-10-01 00:00:00,푸드나무,100,1팩,X,175.4,55.5,2.9,0,1.7,31.5,푸드나무_맛있닭 프로틴 닭가슴살 훈제맛.jpg
맛있닭 프로틴 닭가슴살 카레맛,2021-10-01 00:00:00,푸드나무,100,1팩,X,168.6,131.9,3.4,0,1.6,30.2,푸드나무_맛있닭 프로틴 닭가슴살 카레맛.jpg
맛있닭 프로틴 닭가슴살 칠리맛,2021-10-01 00:00:00,푸드나무,100,1팩,X,151.7,67.5,1.7,0,0.9,31.5,푸드나무_맛있닭 프로틴 닭가슴살 칠리맛.jpg
맛있닭 닭가슴살 한끼피자,2021-10-01 00:00:00,푸드나무,100,100g,X,191,299,16,0,2,25,푸드나무_맛있닭 닭가슴살 한끼피자.jpg
맛있닭 닭가슴살 야채플러스 한끼피자,2021-10-01 00:00:00,푸드나무,100,100g,X,160,230,16,2,2.5,14,푸드나무_맛있닭 닭가슴살 야채플러스 한끼피자.jpg
맛있닭 닭가슴살 한끼브리또,2021-10-01 00:00:00,푸드나무,100,100g,X,180,440,23,1,2,14,푸드나무_맛있닭 닭가슴살 한끼브리또.jpg
맛있닭 닭가슴살 한끼브리또 갈릭,2021-10-01 00:00:00,푸드나무,100,100g,X,202,253,28,3,2.3,11,푸드나무_맛있닭 닭가슴살 한끼브리또 갈릭.jpg
맛있닭 닭가슴살 한끼브리또 매콤바베큐,2021-10-01 00:00:00,푸드나무,100,100g,X,197,365,26,2,2.4,13,푸드나무_맛있닭 닭가슴살 한끼브리또 매콤바베큐.jpg
맛있닭 닭가슴살 소시지 한끼브리또 칠리,2021-10-01 00:00:00,푸드나무,200,1팩,X,347,785,42,2,28,28,푸드나무_맛있닭 닭가슴살 소시지 한끼브리또 칠리.jpg
맛있닭 닭가슴살 소시지 한끼브리또 갈릭,2021-10-01 00:00:00,푸드나무,200,1팩,X,360,812,43,4,2.9,28,푸드나무_맛있닭 닭가슴살 소시지 한끼브리또 갈릭.jpg
맛있닭 닭가슴살 소시지 한끼브리또 매콤바베큐,2021-10-01 00:00:00,푸드나무,200,1팩,X,357,862,41,4,2.7,26,푸드나무_맛있닭 닭가슴살 소시지 한끼브리또 매콤바베큐.jpg
맛있닭 다이어트 도시락 게살 볶음밥 & 닭가슴살볼 깻잎맛,2021-10-01 00:00:00,푸드나무,210,1팩,X,330,56,56,8,0.7,16,푸드나무_맛있닭 다이어트 도시락 게살 볶음밥 & 닭가슴살볼 깻잎맛.jpg
맛있닭 다이어트 도시락 새우곤약볶음밥 & 닭가슴살 동그랑땡,2021-10-01 00:00:00,푸드나무,210,1팩,X,318.6,663.8,47.9,13.2,1.7,12.4,푸드나무_맛있닭 다이어트 도시락 새우곤약볶음밥 & 닭가슴살 동그랑땡.jpg
맛있닭 다이어트 도시락 양송이곤약볶음밥 & 스팀닭가슴살 고추맛,2021-10-01 00:00:00,푸드나무,210,1팩,X,300.9,645.3,43.5,2.3,1.3,14.6,푸드나무_맛있닭 다이어트 도시락 양송이곤약볶음밥 & 스팀닭가슴살 고추맛.jpg
맛있닭 다이어트 도시락 연근우엉밥 & 스팀 닭가슴살 마늘맛,2021-10-01 00:00:00,푸드나무,210,1팩,X,326.6,605.9,48.7,3.2,1.3,14.5,푸드나무_맛있닭 다이어트 도시락 연근우엉밥 & 스팀 닭가슴살 마늘맛.jpg
맛있닭 다이어트 도시락 카레곤약볶음밥 & 닭가슴살볼 오리지널,2021-10-01 00:00:00,푸드나무,210,1팩,X,295.9,948.8,45.6,15.3,0.8,18.5,푸드나무_맛있닭 다이어트 도시락 카레곤약볶음밥 & 닭가슴살볼 오리지널.jpg
베스틱 닭가슴살소시지 꼬치 매콤치즈맛,2021-10-01 00:00:00,푸드나무,70,1팩,X,91.8,174.78,0.43,0.31,1.03,14.97,푸드나무_베스틱 닭가슴살소시지 꼬치 매콤치즈맛.jpg
베스틱 닭가슴살소시지 꼬치 고추맛,2021-10-01 00:00:00,푸드나무,70,1팩,X,76.4,190.3,0.41,0.4,0.35,16.49,푸드나무_베스틱 닭가슴살소시지 꼬치 고추맛.jpg
러브잇 다이어트 도시락 닭가슴살 볼&구운감자,2021-10-01 00:00:00,푸드나무,170,1팩,X,211.5,571.9,24.5,4.6,1,20.7,푸드나무_러브잇 다이어트 도시락 닭가슴살 볼&구운감자.jpg
러브잇 다이어트 도시락 닭가슴살 볼&구운사과,2021-10-01 00:00:00,푸드나무,170,1팩,X,180.2,478.4,21.8,16,0.7,17.2,푸드나무_러브잇 다이어트 도시락 닭가슴살 볼&구운사과.jpg
러브잇 다이어트 도시락 닭가슴살 볼&구운야채,2021-10-01 00:00:00,푸드나무,170,1팩,X,178,459.9,19.7,13.9,0.7,19,푸드나무_러브잇 다이어트 도시락 닭가슴살 볼&구운야채.jpg
러브잇 다이어트 도시락 소프트 닭가슴살&구운감자,2021-10-01 00:00:00,푸드나무,170,1팩,X,178.8,559.3,20.1,7,0.5,20.1,푸드나무_러브잇 다이어트 도시락 소프트 닭가슴살&구운감자.jpg
러브잇 다이어트 도시락 소프트 닭가슴살&구운사과,2021-10-01 00:00:00,푸드나무,170,1팩,X,152.3,510,19.7,13.6,0.2,16.8,푸드나무_러브잇 다이어트 도시락 소프트 닭가슴살&구운사과.jpg
러브잇 다이어트 도시락 소프트 닭가슴살&구운야채,2021-10-01 00:00:00,푸드나무,170,1팩,X,154,504.9,19,10.5,0.2,17.2,푸드나무_러브잇 다이어트 도시락 소프트 닭가슴살&구운야채.jpg
잇메이트 닭가슴살 소시지 볶음밥 훈제맛,2021-10-01 00:00:00,푸드나무,200,1팩,X,325,920,47,2,2,16,푸드나무_잇메이트 닭가슴살 소시지 볶음밥 훈제맛.jpg
잇메이트 닭가슴살 소시지 볶음밥 마늘맛,2021-10-01 00:00:00,푸드나무,200,1팩,X,420,770,51,3,2.6,13,푸드나무_잇메이트 닭가슴살 소시지 볶음밥 마늘맛.jpg
잇메이트 닭가슴살 소시지 볶음밥 고추맛,2021-10-01 00:00:00,푸드나무,200,1팩,X,330,810,46,3,2.2,14,푸드나무_잇메이트 닭가슴살 소시지 볶음밥 고추맛.jpg
잇메이트 닭가슴살 현미볶음밥 갈비맛,2021-10-01 00:00:00,푸드나무,200,1팩,X,300,710,45,6.2,0.8,21,푸드나무_잇메이트 닭가슴살 현미볶음밥 갈비맛.jpg
잇메이트 닭가슴살 현미볶음밥 양송이맛,2021-10-01 00:00:00,푸드나무,200,1팩,X,295,590,46,3,0.8,18,푸드나무_잇메이트 닭가슴살 현미볶음밥 양송이맛.jpg
잇메이트 닭가슴살 현미볶음밥 김치맛,2021-10-01 00:00:00,푸드나무,200,1팩,X,280,880,41,3,0.8,21,푸드나무_잇메이트 닭가슴살 현미볶음밥 김치맛.jpg
잇메이트 닭가슴살 도시락 소시지볶음밥 고추맛 스팀 오리지널,2021-10-01 00:00:00,푸드나무,230,1팩,X,276,662,34,7,1.5,20,푸드나무_잇메이트 닭가슴살 도시락 소시지볶음밥 고추맛 스팀 오리지널.jpg
잇메이트 닭가슴살 도시락 소시지볶음밥 훈제맛 스팀 마늘맛,2021-10-01 00:00:00,푸드나무,230,1팩,X,272,689,34,7,1.4,21,푸드나무_잇메이트 닭가슴살 도시락 소시지볶음밥 훈제맛 스팀 마늘맛.jpg
잇메이트 닭가슴살 도시락 현미볶음밥 양송이맛 스팀 고추맛,2021-10-01 00:00:00,푸드나무,230,1팩,X,255,527,33,7,0.8,22,푸드나무_잇메이트 닭가슴살 도시락 현미볶음밥 양송이맛 스팀 고추맛.jpg
잇메이트 소떡소떡 오리지널,2021-10-01 00:00:00,푸드나무,150,1팩,X,233,467,40,0,0,16,푸드나무_잇메이트 소떡소떡 오리지널.jpg
잇메이트 소떡소떡 달콤,2021-10-01 00:00:00,푸드나무,160,1팩,X,265,580,44,3,0,19,푸드나무_잇메이트 소떡소떡 달콤.JPG
잇메이트 소떡소떡 매콤,2021-10-01 00:00:00,푸드나무,160,1팩,X,270,615,45,4,0,18,푸드나무_잇메이트 소떡소떡 매콤.JPG
잇메이트 크리스피 핫도그 훈제,2021-10-01 00:00:00,푸드나무,100,1팩,X,230,500,29,9,1.7,11,푸드나무_잇메이트 크리스피 핫도그 훈제.jpg
러브잇 닭가슴살 스테이크 오리지널,2021-10-01 00:00:00,푸드나무,100,1팩,X,124,365,7,3,0,20,푸드나무_러브잇 닭가슴살 스테이크 오리지널.jpg
러브잇 닭가슴살 스테이크 매콤한 고추맛,2021-10-01 00:00:00,푸드나무,100,1팩,X,140,354,11,4,1.1,17,푸드나무_러브잇 닭가슴살 스테이크 매콤한 고추맛.jpg
러브잇 닭가슴살 스테이크 알싸한 마늘맛,2021-10-01 00:00:00,푸드나무,100,1팩,X,149,374,10,4,1.3,17,푸드나무_러브잇 닭가슴살 스테이크 알싸한 마늘맛.jpg
리얼원 닭가슴살 소시지 훈제,2021-10-01 00:00:00,푸드나무,100,1팩,X,135,430,6,0,0.5,23,푸드나무_리얼원 닭가슴살 소시지 훈제.jpg
리얼원 닭가슴살 소시지 청양고추,2021-10-01 00:00:00,푸드나무,100,1팩,X,130,380,5,0,0.6,22,푸드나무_리얼원 닭가슴살 소시지 청양고추.jpg
리얼원 닭가슴살 소시지 마늘,2021-10-01 00:00:00,푸드나무,100,1팩,X,125,380,5,0,0.6,21,푸드나무_리얼원 닭가슴살 소시지 마늘.jpg
리얼원 닭가슴살 소시지 매콤치즈,2021-10-01 00:00:00,푸드나무,100,1팩,X,120,310,5,0,1,19,푸드나무_리얼원 닭가슴살 소시지 매콤치즈.JPG
맛있찬 닭가슴살 동그랑땡,2021-10-01 00:00:00,푸드나무,100,1팩,X,189,298.13,3.36,1.89,1.52,18.32,푸드나무_맛있찬 닭가슴살 동그랑땡.jpg
원에이엠 곤약김말이,2021-10-01 00:00:00,푸드나무,100,100g,X,149,190.8,25.1,0.9,0.9,2.2,푸드나무_원에이엠 곤약김말이.jpg
네이처엠 아이스 유기농 군밤,2021-10-01 00:00:00,푸드나무,100,1팩,X,188,0,40,11,0,5,푸드나무_네이처엠 아이스 유기농 군밤.jpg
편한한끼 덮시락 김치볶음밥과 닭가슴살소세지,2021-10-01 00:00:00,아이디그룹,250,1팩,X,390,887,60,5,2.7,14,아이디그룹_편한한끼 덮시락 김치볶음밥과 닭가슴살소세지.jpg
편한한끼 덮시락 중화볶음밥과 불닭,2021-10-01 00:00:00,아이디그룹,250,1팩,X,470,1027,64,5,3.1,18,아이디그룹_편한한끼 덮시락 중화볶음밥과 불닭.JPG
편한한끼 덮시락 햄야채볶음밥과 계란후라이,2021-10-01 00:00:00,아이디그룹,250,1팩,X,360,993,56,3,2.4,13,아이디그룹_편한한끼 덮시락 햄야채볶음밥과 계란후라이.JPG
편한한끼 덮시락 시래기표고밥과 제육볶음,2021-10-01 00:00:00,아이디그룹,250,1팩,X,450,735,73,8,4.1,11,아이디그룹_편한한끼 덮시락 시래기표고밥과 제육볶음.JPG
편한한끼 덮시락 야채볶음밥과 블랙알리오찜닭,2021-10-01 00:00:00,아이디그룹,250,1팩,X,450,897,71,8,2.9,17,아이디그룹_편한한끼 덮시락 야채볶음밥과 블랙알리오찜닭.JPG
편한한끼 덮시락 강황버섯볶음밥과 제육볶음,2021-10-01 00:00:00,아이디그룹,250,1팩,X,510,885,69,8,6,13,아이디그룹_편한한끼 덮시락 강황버섯볶음밥과 제육볶음.JPG
포르미 반칙도시락 매콤 데리 닭가슴살,2021-10-01 00:00:00,포미다이어트,230,1팩,X,364,620,56,12,1.6,23,포미다이어트_포르미 반칙도시락 매콤 데리 닭가슴살.JPG
포르미 반칙도시락 올리브허브 닭가슴살,2021-10-01 00:00:00,포미다이어트,220,1팩,X,356,388,46,6,2,24,포미다이어트_포르미 반칙도시락 올리브허브 닭가슴살.JPG
포르미 반칙도시락 훈제 닭가슴살,2021-10-01 00:00:00,포미다이어트,217,1팩,X,341,670,45,11,2.5,19,포미다이어트_포르미 반칙도시락 훈제 닭가슴살.JPG
포르미 반칙도시락 칠리 닭가슴살,2021-10-01 00:00:00,포미다이어트,230,1팩,X,333,564,48,8,1.7,13,포미다이어트_포르미 반칙도시락 칠리 닭가슴살.JPG
포르미 반칙도시락 참치 소고기 스테이크,2021-10-01 00:00:00,포미다이어트,230,1팩,X,367,553,49,8,3.3,18,포미다이어트_포르미 반칙도시락 참치 소고기 스테이크.JPG
포르미 반칙도시락 로제 닭가슴살,2021-10-01 00:00:00,포미다이어트,220,1팩,X,337,633,37,8,3.6,26,포미다이어트_포르미 반칙도시락 로제 닭가슴살.JPG
포르미 반칙도시락 토마토 닭가슴살,2021-10-01 00:00:00,포미다이어트,222,1팩,X,316,540,43,6,1.1,24,포미다이어트_포르미 반칙도시락 토마토 닭가슴살.JPG
포르미 반칙도시락 오믈렛 골드,2021-10-01 00:00:00,포미다이어트,230,1팩,X,393,777,39,6,4.3,19,포미다이어트_포르미 반칙도시락 오믈렛 골드.JPG
허닭식단 맛있는 김치볶음밥 ,2021-10-01 00:00:00,허닭,250,1팩,X,439,565,66,5,4,6.5,허닭_허닭식단 맛있는 김치볶음밥.jpg
허닭식단 맛있는 낙지볶음밥,2021-10-01 00:00:00,허닭,250,1팩,X,450,1224,81,8.3,0.8,8.5,허닭_허닭식단 맛있는 낙지볶음밥.jpg
허닭식단 맛있는 닭갈비볶음밥,2021-10-01 00:00:00,허닭,250,1팩,X,440,948,80,5,1.8,10,허닭_허닭식단 맛있는 닭갈비볶음밥.jpg
허닭식단 맛있는 새우볶음밥,2021-10-01 00:00:00,허닭,250,1팩,X,400,780,72,4,0.7,8,허닭_허닭식단 맛있는 새우볶음밥.jpg
허닭식단 맛있는 소불고기볶음밥,2021-10-01 00:00:00,허닭,250,1팩,X,430,1070,79,7.8,1.5,9.5,허닭_허닭식단 맛있는 소불고기볶음밥.jpg
허닭식단 맛있는 잡채볶음밥,2021-10-01 00:00:00,허닭,250,1팩,X,369,863,71,5,1,7.7,허닭_허닭식단 맛있는 잡채볶음밥.jpg
허닭식단 맛있는 햄야채볶음밥,2021-10-01 00:00:00,허닭,250,1팩,X,445,923,75,2,404,8.3,허닭_허닭식단 맛있는 햄야채볶음밥.jpg
굳닭 닭가슴살 스테이크 오리지널,2021-10-01 00:00:00,삼원씨엔씨,100,1팩,X,115,460,6,1,1.5,18,삼원씨엔씨_굳닭 닭가슴살 스테이크 오리지널.jpg
굳닭 닭가슴살 스테이크 갈비맛,2021-10-01 00:00:00,삼원씨엔씨,100,1팩,X,125,420,6,3,1.2,18,삼원씨엔씨_굳닭 닭가슴살 스테이크 갈비맛.jpg
굳닭 닭가슴살 스테이크 청양고추,2021-10-01 00:00:00,삼원씨엔씨,100,1팩,X,120,460,6,2,1,18,삼원씨엔씨_굳닭 닭가슴살 스테이크 청양고추.jpg
굳닭 닭가슴살 소시지 바 오리지널,2021-10-01 00:00:00,삼원씨엔씨,70,1팩,X,93,162,2,0,1,14,삼원씨엔씨_굳닭 닭가슴살 소시지 바 오리지널.jpg
굳닭 닭가슴살 소시지 바 고구마,2021-10-01 00:00:00,삼원씨엔씨,70,1팩,X,155,303,7,4,3,9,삼원씨엔씨_굳닭 닭가슴살 소시지 바 고구마.jpg
굳닭 닭가슴살 소시지 바 청양고추,2021-10-01 00:00:00,삼원씨엔씨,70,1팩,X,157,295,4,2,4,11,삼원씨엔씨_굳닭 닭가슴살 소시지 바 청양고추.jpg
굳닭 닭가슴살 소시지 바 카레,2021-10-01 00:00:00,삼원씨엔씨,70,1팩,X,99,176,3,1,1,14,삼원씨엔씨_굳닭 닭가슴살 소시지 바 카레.jpg
굳닭 닭가슴살 소시지 바 훈제,2021-10-01 00:00:00,삼원씨엔씨,70,1팩,X,102,173,3,1,1,15,삼원씨엔씨_굳닭 닭가슴살 소시지 바 훈제.jpg
굳닭 닭가슴살 소시지 갈릭맛,2021-10-01 00:00:00,삼원씨엔씨,100,1팩,X,143,170,1,1,2,19,삼원씨엔씨_굳닭 닭가슴살 소시지 갈릭맛.jpg
굳닭 닭가슴살 소시지 오리지널 low,2021-10-01 00:00:00,삼원씨엔씨,100,1팩,X,144,145,3,1,2,18,삼원씨엔씨_굳닭 닭가슴살 소시지 오리지널 low.jpg
굳닭 닭가슴살 소시지 고구마,2021-10-01 00:00:00,삼원씨엔씨,100,1팩,X,222,433,11,5,5,13,삼원씨엔씨_굳닭 닭가슴살 소시지 고구마.jpg
굳닭 닭가슴살 소시지 청양고추,2021-10-01 00:00:00,삼원씨엔씨,100,1팩,X,225,421,5,3,5,16,삼원씨엔씨_굳닭 닭가슴살 소시지 청양고추.jpg
굳닭 닭가슴살 소시지 오리지널,2021-10-01 00:00:00,삼원씨엔씨,100,1팩,X,134,231,3,0,2,20,삼원씨엔씨_굳닭 닭가슴살 소시지 오리지널.jpg
굳닭 닭가슴살 소시지 훈제,2021-10-01 00:00:00,삼원씨엔씨,100,1팩,X,146,248,4,1,1,21,삼원씨엔씨_굳닭 닭가슴살 소시지 훈제.jpg
굳닭 닭가슴살 소시지 카레,2021-10-01 00:00:00,삼원씨엔씨,100,1팩,X,142,252,4,1,1,20,삼원씨엔씨_굳닭 닭가슴살 소시지 카레.jpg
굳닭 닭가슴살 소시지 바질,2021-10-01 00:00:00,삼원씨엔씨,100,1팩,X,157,230,3,1,3,19,삼원씨엔씨_굳닭 닭가슴살 소시지 바질.jpg
굳닭 촉촉 수비드 닭가슴살 슬라이스 오리지널,2021-10-01 00:00:00,삼원씨엔씨,100,1팩,X,144,155,1.7,0.7,0.7,31,삼원씨엔씨_굳닭 촉촉 수비드 닭가슴살 슬라이스 오리지널.jpg
굳닭 촉촉 수비드 닭가슴살 슬라이스 불갈비맛,2021-10-01 00:00:00,삼원씨엔씨,100,1팩,X,123,310,2,1.2,0.1,26,삼원씨엔씨_굳닭 촉촉 수비드 닭가슴살 슬라이스 불갈비맛.jpg
굳닭 촉촉 수비드 닭가슴살 슬라이스 탄두리,2021-10-01 00:00:00,삼원씨엔씨,100,1팩,X,123,310,2,1.2,0.1,26,삼원씨엔씨_굳닭 촉촉 수비드 닭가슴살 슬라이스 탄두리.JPG
굳닭 닭가슴살 매콤 핫도그,2021-10-01 00:00:00,삼원씨엔씨,80,1팩,X,160,520,24,8,1.2,9,삼원씨엔씨_굳닭 닭가슴살 매콤 핫도그.JPG
굳닭 닭가슴살 흑현미 핫도그,2021-10-01 00:00:00,삼원씨엔씨,80,1팩,X,185,370,24,7,2.2,8,삼원씨엔씨_굳닭 닭가슴살 흑현미 핫도그.JPG
이젠슬림 쉐프의 혼밥 미니고구마&닭가슴살 슬라이스,2021-10-01 00:00:00,삼원씨엔씨,100,100g,X,154,136,23,8.4,0.7,9,삼원씨엔씨_이젠슬림 쉐프의 혼밥 미니고구마&닭가슴살 슬라이스.JPG
이젠슬림 쉐프의 혼밥 새우볶음밥&두부스테이크,2021-10-01 00:00:00,삼원씨엔씨,100,100g,X,155,428,21,1,1.5,7,삼원씨엔씨_이젠슬림 쉐프의 혼밥 새우볶음밥&두부스테이크.JPG
이젠슬림 쉐프의 혼밥 곤드레나물밥&참치오믈렛,2021-10-01 00:00:00,삼원씨엔씨,100,100g,X,157,318,23,0,1,6,삼원씨엔씨_이젠슬림 쉐프의 혼밥 곤드레나물밥&참치오믈렛.JPG
이젠슬림 쉐프의 혼밥 단호박영양밥&닭가슴살소시지,2021-10-01 00:00:00,삼원씨엔씨,100,100g,X,164,349,18,0,1.3,9,삼원씨엔씨_이젠슬림 쉐프의 혼밥 단호박영양밥&닭가슴살소시지.JPG
이젠슬림 쉐프의 혼밥 퀴노아영양밥&닭가슴살슬라이스,2021-10-01 00:00:00,삼원씨엔씨,100,100g,X,159,273,20,1,0.9,9,삼원씨엔씨_이젠슬림 쉐프의 혼밥 퀴노아영양밥&닭가슴살슬라이스.JPG
이젠슬림 쉐프의 혼밥 연근영양밥&닭가슴살 큐브,2021-10-01 00:00:00,삼원씨엔씨,100,100g,X,138,398,20,0,0.5,7,삼원씨엔씨_이젠슬림 쉐프의 혼밥 연근영양밥&닭가슴살 큐브.JPG
바디닭 소프트 닭가슴살 오리지널,2021-10-01 00:00:00,빅터컴퍼니,100,1팩,X,124,257,0.06,0,0.1,27,빅터컴퍼니_바디닭 소프트 닭가슴살 오리지널.jpg
바디닭 소프트 닭가슴살 그릴,2021-10-01 00:00:00,빅터컴퍼니,100,1팩,X,119.7,358.9,1.06,0,0.1,25.7,빅터컴퍼니_바디닭 소프트 닭가슴살 그릴.jpg
바디닭 소프트 닭가슴살 저염,2021-10-01 00:00:00,빅터컴퍼니,100,1팩,X,130.2,51.8,1.7,0.5,0.4,26.8,빅터컴퍼니_바디닭 소프트 닭가슴살 저염.jpg
바디닭 소프트 슬라이스 닭가슴살 양념치킨,2021-10-01 00:00:00,빅터컴퍼니,100,1팩,X,127.49,421.64,8.61,4.54,0.06,20.99,빅터컴퍼니_바디닭 소프트 슬라이스 닭가슴살 양념치킨.jpg
바디닭 소프트 슬라이스 닭가슴살 데리야끼,2021-10-01 00:00:00,빅터컴퍼니,100,1팩,X,119.73,490.87,6.33,6.25,0.18,21.69,빅터컴퍼니_바디닭 소프트 슬라이스 닭가슴살 데리야끼.jpg
바디닭 오리지널 닭가슴살 소시지,2021-10-01 00:00:00,빅터컴퍼니,100,1팩,X,134,231,3,0,2,20,빅터컴퍼니_바디닭 오리지널 닭가슴살 소시지.jpg
바디닭 담백 훈제 닭가슴살 소시지,2021-10-01 00:00:00,빅터컴퍼니,100,1팩,X,155,271,7,1,3,19,빅터컴퍼니_바디닭 담백 훈제 닭가슴살 소시지.jpg
바디닭 매콤청양고추 닭가슴살 소시지,2021-10-01 00:00:00,빅터컴퍼니,100,1팩,X,141,359,5,2,1,22,빅터컴퍼니_바디닭 매콤청양고추 닭가슴살 소시지.jpg
바디닭 오리지널 닭가슴살 소시지 꼬치,2021-10-01 00:00:00,빅터컴퍼니,70,1팩,X,93,162,2,0,1,14,빅터컴퍼니_바디닭 오리지널 닭가슴살 소시지 꼬치.jpg
바디닭 담백 훈제 닭가슴살 소시지 꼬치,2021-10-01 00:00:00,빅터컴퍼니,70,1팩,X,108,190,5,1,2,14,빅터컴퍼니_바디닭 담백 훈제 닭가슴살 소시지 꼬치.jpg
바디닭 매콤 청양고추 닭가슴살 소시지 꼬치,2021-10-01 00:00:00,빅터컴퍼니,70,1팩,X,99,251,3,2,1,15,빅터컴퍼니_바디닭 매콤 청양고추 닭가슴살 소시지 꼬치.jpg
바디닭 오리지널 닭가슴살 스테이크,2021-10-01 00:00:00,빅터컴퍼니,100,1팩,X,156,350,4,3,2.9,21,빅터컴퍼니_바디닭 오리지널 닭가슴살 스테이크.jpg
바디닭 수비드 닭가슴살 바질,2021-10-01 00:00:00,빅터컴퍼니,100,1팩,X,122,218,1.7,0,0.59,26.73,빅터컴퍼니_바디닭 수비드 닭가슴살 바질.jpg
탉 닭가슴살 스테이크 불고기맛,2021-10-01 00:00:00,성원냉동식품,100,1팩,X,135,220,8,1.24,0.49,21,성원냉동식품_탉 닭가슴살 스테이크 불고기맛.JPG
탉 닭가슴살 스테이크 카레맛,2021-10-01 00:00:00,성원냉동식품,100,1팩,X,130,250,6,1.76,0.51,21,성원냉동식품_탉 닭가슴살 스테이크 카레맛.JPG
탉 닭가슴살 스테이크 간장불맛,2021-10-01 00:00:00,성원냉동식품,100,1팩,X,135,340,8,2,0.5,17,성원냉동식품_탉 닭가슴살 스테이크 간장불맛.JPG
탉 닭가슴살 스테이크 매콤 치즈맛,2021-10-01 00:00:00,성원냉동식품,100,1팩,X,130,560,6,3,0.7,22,성원냉동식품_탉 닭가슴살 스테이크 매콤 치즈맛.JPG
아임닭 쉐프메이드 청양고추맛 닭가슴살,2021-10-01 00:00:00,와이즈유엑스글로벌,120,1팩,X,128,192.3,1.7,1.2,0.6,27,와이즈유엑스글로벌_아임닭 쉐프메이드 청양고추맛 닭가슴살.jpg
아임닭 쉐프메이드 통후추맛 닭가슴살,2021-10-01 00:00:00,와이즈유엑스글로벌,120,1팩,X,140,140,1,1,0.7,28,와이즈유엑스글로벌_아임닭 쉐프메이드 통후추맛 닭가슴살.jpg
아임닭 양념치킨소스 슬라이스 닭가슴살,2021-10-01 00:00:00,와이즈유엑스글로벌,130,1팩,X,160,460,9,3,0.5,25,와이즈유엑스글로벌_아임닭 양념치킨소스 슬라이스 닭가슴살.jpg
아임닭 닭가슴살 프랑크 오리지널 꼬치,2021-10-01 00:00:00,와이즈유엑스글로벌,70,1팩,X,105,269.7,2.2,1.1,1.3,14,와이즈유엑스글로벌_아임닭 닭가슴살 프랑크 오리지널 꼬치.jpg
아임닭 닭가슴살 프랑크 허브맛 꼬치,2021-10-01 00:00:00,와이즈유엑스글로벌,70,1팩,X,104,198,0.9,0.6,1.1,14,와이즈유엑스글로벌_아임닭 닭가슴살 프랑크 허브맛 꼬치.jpg
아임닭 청양고추맛 닭가슴살 큐브 매콤청양,2021-10-01 00:00:00,와이즈유엑스글로벌,100,1팩,X,117,148.2,6.3,2.4,0.4,20,와이즈유엑스글로벌_아임닭 청양고추맛 닭가슴살 큐브 매콤청양.JPG
아임닭 순한불고기맛 닭가슴살 큐브 버섯야채,2021-10-01 00:00:00,와이즈유엑스글로벌,100,1팩,X,130,160,13,3,0.5,15,와이즈유엑스글로벌_아임닭 순한불고기맛 닭가슴살 큐브 버섯야채.jpg
아임닭 닭가슴살 치킨팝콘 카레맛,2021-10-01 00:00:00,와이즈유엑스글로벌,100,1팩,X,150,340,9,1,1,18,와이즈유엑스글로벌_아임닭 닭가슴살 치킨팝콘 카레맛.jpg
아임닭 빅볼 닭가슴살 자연치즈,2021-10-01 00:00:00,와이즈유엑스글로벌,100,1팩,X,155,210,5,2,2.2,22,와이즈유엑스글로벌_아임닭 빅볼 닭가슴살 자연치즈.jpg
아임닭 닭가슴살 함박스테이크 오리지널,2021-10-01 00:00:00,와이즈유엑스글로벌,100,1팩,X,155,220,9,0,1.8,16,와이즈유엑스글로벌_아임닭 닭가슴살 함박스테이크 오리지널.jpg
아임닭 씬 닭가슴살 만두 오리지널,2021-10-01 00:00:00,와이즈유엑스글로벌,180,1팩,X,245,360,27,5,1.8,21,와이즈유엑스글로벌_아임닭 씬 닭가슴살 만두 오리지널.jpg
아임닭 씬 닭가슴살 만두 김치,2021-10-01 00:00:00,와이즈유엑스글로벌,180,1팩,X,260,410,30,7,1.8,22,와이즈유엑스글로벌_아임닭 씬 닭가슴살 만두 김치.jpg
아임닭 닭가슴살 씨스루 만두 청양고추맛,2021-10-01 00:00:00,와이즈유엑스글로벌,180,1팩,X,280,470,40,3,2.2,14,와이즈유엑스글로벌_아임닭 닭가슴살 씨스루 만두 청양고추맛.jpg
아임닭 맛있는 닭가슴살 김치볶음밥,2021-10-01 00:00:00,와이즈유엑스글로벌,195,1팩,X,250,400,41,1,0.9,11,와이즈유엑스글로벌_아임닭 맛있는 닭가슴살 김치볶음밥.JPG
아임닭 모짜렐라 고구마 핫도그,2021-10-01 00:00:00,와이즈유엑스글로벌,80,1팩,X,170,300,24,8,2.2,8,와이즈유엑스글로벌_아임닭 모짜렐라 고구마 핫도그.JPG
아임닭 닭가슴살 핫바 불고기맛,2021-10-01 00:00:00,와이즈유엑스글로벌,70,1팩,X,95,290,8,3,0.3,13,와이즈유엑스글로벌_아임닭 닭가슴살 핫바 불고기맛.jpg
아임닭 닭가슴살 핫바 청양고추맛,2021-10-01 00:00:00,와이즈유엑스글로벌,70,1팩,X,90,290,7,4,0.3,12,와이즈유엑스글로벌_아임닭 닭가슴살 핫바 청양고추맛.jpg
아임닭 쉐프메이드 리얼갈릭맛 닭가슴살,2021-10-01 00:00:00,와이즈유엑스글로벌,120,1팩,X,135,115,5,1,0.3,28,와이즈유엑스글로벌_아임닭 쉐프메이드 리얼갈릭맛 닭가슴살.jpg
아임닭 쉐프메이드 탄두리 바베큐맛 닭가슴살,2021-10-01 00:00:00,와이즈유엑스글로벌,120,1팩,X,165,220,4,1,0.5,28,와이즈유엑스글로벌_아임닭 쉐프메이드 탄두리 바베큐맛 닭가슴살.jpg
아임닭 토마토소스 슬라이스 닭가슴살,2021-10-01 00:00:00,와이즈유엑스글로벌,130,1팩,X,130,390,6,4,0.3,23,와이즈유엑스글로벌_아임닭 토마토소스 슬라이스 닭가슴살.jpg
아임닭 갈릭맛 스테이크소스 슬라이스 닭가슴살,2021-10-01 00:00:00,와이즈유엑스글로벌,130,1팩,X,150,450,8,7,0.5,24,와이즈유엑스글로벌_아임닭 갈릭맛 스테이크소스 슬라이스 닭가슴살.JPG
아임닭 양송이 크림소스 슬라이스 닭가슴살,2021-10-01 00:00:00,와이즈유엑스글로벌,130,1팩,X,125,320,5,2,1.7,21,와이즈유엑스글로벌_아임닭 양송이 크림소스 슬라이스 닭가슴살.jpg
아임닭 정통 독일식 닭가슴살 프랑크 오리지널,2021-10-01 00:00:00,와이즈유엑스글로벌,120,1팩,X,180,462.3,3.7,1.8,2.2,24,와이즈유엑스글로벌_아임닭 정통 독일식 닭가슴살 프랑크 오리지널.jpg
아임닭 매콤야채 닭가슴살 큐브 야채듬뿍,2021-10-01 00:00:00,와이즈유엑스글로벌,100,1팩,X,15,180,12,2,0.5,16,와이즈유엑스글로벌_아임닭 매콤야채 닭가슴살 큐브 야채듬뿍.jpg
아임닭 매콤불고기맛 닭가슴살 큐브 매콤버섯,2021-10-01 00:00:00,와이즈유엑스글로벌,100,1팩,X,135,190,13,1,0.5,15,와이즈유엑스글로벌_아임닭 매콤불고기맛 닭가슴살 큐브 매콤버섯.jpg
아임닭 카레맛 닭가슴살 큐브 정통카레,2021-10-01 00:00:00,와이즈유엑스글로벌,100,1팩,X,155,230,12,1,1.1,16,와이즈유엑스글로벌_아임닭 카레맛 닭가슴살 큐브 정통카레.jpg
아임닭 닭가슴살 치킨 팝콘 오리지널,2021-10-01 00:00:00,와이즈유엑스글로벌,100,1팩,X,140,350,5,1,1.6,19,와이즈유엑스글로벌_아임닭 닭가슴살 치킨 팝콘 오리지널.jpg
아임닭 빅볼 닭가슴살 매콤두부,2021-10-01 00:00:00,와이즈유엑스글로벌,100,1팩,X,140,160,11,1.5,0.7,16,와이즈유엑스글로벌_아임닭 빅볼 닭가슴살 매콤두부.jpg
아임닭 빅볼 닭가슴살 숯불갈비맛,2021-10-01 00:00:00,와이즈유엑스글로벌,100,1팩,X,140,230,8,4,0.4,20,와이즈유엑스글로벌_아임닭 빅볼 닭가슴살 숯불갈비맛.jpg
아임닭 버섯듬뿍 닭가슴살 스테이크,2021-10-01 00:00:00,와이즈유엑스글로벌,100,1팩,X,130,160,9,1,0.5,16,와이즈유엑스글로벌_아임닭 버섯듬뿍 닭가슴살 스테이크.jpg
아임닭 매콤 단호박 닭가슴살 스테이크,2021-10-01 00:00:00,와이즈유엑스글로벌,100,1팩,X,140,180,12,3,0.4,16,와이즈유엑스글로벌_아임닭 매콤 단호박 닭가슴살 스테이크.jpg
아임닭 닭가슴살 함박스테이크 콘치즈,2021-10-01 00:00:00,와이즈유엑스글로벌,100,1팩,X,180,150,6,0,3,19,와이즈유엑스글로벌_아임닭 닭가슴살 함박스테이크 콘치즈.jpg
다즐샵 새우볶음밥&해물닭가슴살완자,2021-10-01 00:00:00,샛별푸드,250,1팩,X,370,831,54,1,2.4,18,샛별푸드_다즐샵 새우볶음밥&해물닭가슴살완자.jpg
다즐샵 햄야채볶음밥&핫스테이크,2021-10-01 00:00:00,샛별푸드,250,1팩,X,440,1059,51,7,6,20,샛별푸드_다즐샵 햄야채볶음밥&핫스테이크.jpg
다즐샵 탄두리현미야채볶음밥&두툼야채고기완자,2021-10-01 00:00:00,샛별푸드,235,1팩,X,350,617,55,4,2.3,15,샛별푸드_다즐샵 탄두리현미야채볶음밥&두툼야채고기완자.jpg
다즐샵 김치볶음밥&포크스테이크,2021-10-01 00:00:00,샛별푸드,250,1팩,X,415,931,49,13,4.4,17,샛별푸드_다즐샵 김치볶음밥&포크스테이크.jpg
다즐샵 단호박영양밥&치즈불닭,2021-10-01 00:00:00,샛별푸드,230,1팩,X,380,510,53,8,2.6,14,샛별푸드_다즐샵 단호박영양밥&치즈불닭.jpg
다즐샵 곤약현미야채영양밥&해물닭가슴살완자,2021-10-01 00:00:00,샛별푸드,225,1팩,X,260,217,40,5,1.5,12,샛별푸드_다즐샵 곤약현미야채영양밥&해물닭가슴살완자.jpg
다즐샵 곤약닭가슴살밥&두부닭가슴살스테이크,2021-10-01 00:00:00,샛별푸드,225,1팩,X,315,616,53,7,1.4,13,샛별푸드_다즐샵 곤약닭가슴살밥&두부닭가슴살스테이크.jpg
다즐샵 단호박야채현미밥&깻잎청양닭가슴살큐브,2021-10-01 00:00:00,샛별푸드,225,1팩,X,250,124,43,4,0.6,13,샛별푸드_다즐샵 단호박야채현미밥&깻잎청양닭가슴살큐브.jpg
다즐샵 고구마퀴노아영양밥&핫커리닭가슴살큐브,2021-10-01 00:00:00,샛별푸드,225,1팩,X,350,328,57,5,1.2,14,샛별푸드_다즐샵 고구마퀴노아영양밥&핫커리닭가슴살큐브.jpg
다즐샵 단호박퀴노아영양밥&버섯단호박닭가슴살큐브,2021-10-01 00:00:00,샛별푸드,225,1팩,X,320,141,58,3,0.7,12,샛별푸드_다즐샵 단호박퀴노아영양밥&버섯단호박닭가슴살큐브.jpg
다즐샵 다섯가지나물밥&참스테이크,2021-10-01 00:00:00,샛별푸드,230,1팩,X,340,573,49,14,2.7,14,샛별푸드_다즐샵 다섯가지나물밥&참스테이크.jpg
다즐샵 곤드레나물밥&두부닭가슴살스테이크,2021-10-01 00:00:00,샛별푸드,230,1팩,X,325,453,61,1,0.1,13,샛별푸드_다즐샵 곤드레나물밥&두부닭가슴살스테이크.jpg
다즐샵 취나물밥&깻잎청양닭가슴살큐브,2021-10-01 00:00:00,샛별푸드,230,1팩,X,315,352,56,0,0.6,15,샛별푸드_다즐샵 취나물밥&깻잎청양닭가슴살큐브.jpg
다즐샵 갈릭볶음밥&닭가슴살비엔나,2021-10-01 00:00:00,샛별푸드,230,1팩,X,360,739,51,6,1.2,15,샛별푸드_다즐샵 갈릭볶음밥&닭가슴살비엔나.JPG
다즐샵 강황버섯볶음밥&두부닭가슴살스테이크,2021-10-01 00:00:00,샛별푸드,230,1팩,X,360,638,54,9,0.8,14,샛별푸드_다즐샵 강황버섯볶음밥&두부닭가슴살스테이크.jpg
팜블리 더 러쉬 알리오올리오밥&고기산적,2021-10-01 00:00:00,제이유통,250,1팩,X,499.5,467.5,62,0,6.8,14.5,제이유통_팜블리 더 러쉬 알리오올리오밥&고기산적.JPG
팜블리 더 러쉬 알리오올리오밥&함박스테이크,2021-10-01 00:00:00,제이유통,250,1팩,X,440.5,454.5,53,0,5,2.5,제이유통_팜블리 더 러쉬 알리오올리오밥&함박스테이크.JPG
팜블리 더 러쉬 계란밥&떡갈비스틱,2021-10-01 00:00:00,제이유통,250,1팩,X,489.3,558,53.8,0,6.8,13.3,제이유통_팜블리 더 러쉬 계란밥&떡갈비스틱.jpg
팜블리 더 러쉬 치킨데리야끼밥&깻잎동그랑땡,2021-10-01 00:00:00,제이유통,250,1팩,X,407.8,461.3,55.8,0,3.8,15.5,제이유통_팜블리 더 러쉬 치킨데리야끼밥&깻잎동그랑땡.jpg
팜블리 더 러쉬 치킨데리야끼밥&미트볼,2021-10-01 00:00:00,제이유통,250,1팩,X,426.5,733,57.3,0,4.5,14.5,제이유통_팜블리 더 러쉬 치킨데리야끼밥&미트볼.jpg
팜블리 더 러쉬 나시고랭밥&피자오믈렛,2021-10-01 00:00:00,제이유통,250,1팩,X,371.3,409.8,57.3,0,4.5,12.3,제이유통_팜블리 더 러쉬 나시고랭밥&피자오믈렛.jpg
닭가슴살 스테이크 갈비맛,2021-10-01 00:00:00,푸드원,100,1팩,X,213.2,182.4,3.4,0.2,1.9,23.8,푸드원_닭가슴살 스테이크 갈비맛.jpg
닭가슴살 스테이크 오리지널,2021-10-01 00:00:00,푸드원,100,1팩,X,227.7,207.4,9,0.2,1.9,20.7,푸드원_닭가슴살 스테이크 오리지널.jpg
닭가슴살 스테이크 유자맛,2021-10-01 00:00:00,푸드원,100,1팩,X,224,211.8,3.7,0.2,2.1,23.5,푸드원_닭가슴살 스테이크 유자맛.jpg
닭가슴살 스테이크 매콤한맛,2021-10-01 00:00:00,푸드원,100,1팩,X,213.4,183,4.9,0.3,1.6,23.7,푸드원_닭가슴살 스테이크 매콤한맛.jpg
매일먹닭 닭가슴살 오리지널,2021-10-01 00:00:00,모아그룹,100,100g,X,124,257,0.06,0,0.1,27,모아그룹_매일먹닭 닭가슴살 오리지널.JPG
매일먹닭 닭가슴살 그릴,2021-10-01 00:00:00,모아그룹,100,100g,X,119.7,358.9,1.06,0,0.1,25.7,모아그룹_매일먹닭 닭가슴살 그릴.JPG
매일먹닭 닭가슴살 갈릭,2021-10-01 00:00:00,모아그룹,100,100g,X,125.3,177,0.2,0,0.7,25.5,모아그룹_매일먹닭 닭가슴살 갈릭.JPG
매일먹닭 닭가슴살 카레,2021-10-01 00:00:00,모아그룹,100,100g,X,153,340,13,1,0.1,21,모아그룹_매일먹닭 닭가슴살 카레.JPG
매일먹닭 닭가슴살 볼케이노,2021-10-01 00:00:00,모아그룹,100,100g,X,113,471,3,0.03,0.1,22,모아그룹_매일먹닭 닭가슴살 볼케이노.JPG
닭가슴살 어디까지 먹어봤니 스파이시 토마토,2021-10-01 00:00:00,바디나인,150,150g,X,155,240,5,3,0,29,바디나인_닭가슴살 어디까지 먹어봤니 스파이시 토마토.jpg
닭가슴살 어디까지 먹어봤니 까르보나라,2021-10-01 00:00:00,바디나인,150,150g,X,210,250,12,2,0,28,바디나인_닭가슴살 어디까지 먹어봤니 까르보나라.jpg
닭가슴살 어디까지 먹어봤니 인도커리,2021-10-01 00:00:00,바디나인,150,150g,X,160,310,3,1,0,31,바디나인_닭가슴살 어디까지 먹어봤니 인도커리.jpg
닭가슴살 어디까지 먹어봤니 허브,2021-10-01 00:00:00,바디나인,150,150g,X,155,570,2,1,0,33,바디나인_닭가슴살 어디까지 먹어봤니 허브.jpg
닭가슴살 어디까지 먹어봤니 백숙,2021-10-01 00:00:00,바디나인,150,150g,X,100,380,1,0,0,22,바디나인_닭가슴살 어디까지 먹어봤니 백숙.jpg
촉촉한 한입 닭가슴살 탄두리맛,2021-10-01 00:00:00,바디나인,100,100g,X,119,340,1,2,1,23,바디나인_촉촉한 한입 닭가슴살 탄두리맛.jpg
내가 몸짱이 될 큐브닭 마라맛,2021-10-01 00:00:00,바디나인,100,100g,X,142,298,6.9,0,1.4,17,바디나인_내가 몸짱이 될 큐브닭 마라맛.jpg
내가 몸짱이 될 큐브닭 치즈맛,2021-10-01 00:00:00,바디나인,100,100g,X,202,389,6,2,4.6,16,바디나인_내가 몸짱이 될 큐브닭 치즈맛.jpg
내가 몸짱이 될 큐브닭 청양고추맛,2021-10-01 00:00:00,바디나인,100,100g,X,154,381,9,4,1.5,18,바디나인_내가 몸짱이 될 큐브닭 청양고추맛.jpg
내가 몸짱이 될 큐브닭 오리지널,2021-10-01 00:00:00,바디나인,100,100g,X,154,397,8,3,1.5,18,바디나인_내가 몸짱이 될 큐브닭 오리지널.JPG
